ICO,AR7,AR30,AR180
0x,43.50753838,21.15710199,115.6114878
holo,1.078509105,0.530763453,0.814773902
centrality,-0.229010658,-0.039768733,-0.528470102
bittorrent,0.984931549,0.533869584,-1.058018025
enjin-coin,-0.082101548,-0.369840525,6.361897982
matic-network,-0.197050472,3.338510919,1.701568906
decentraland,-0.32636668,-1.030286768,1.137484136
ripio-credit-network,-0.332870814,0.15419276,0.445194924
bread,-0.177279804,-0.310039226,-0.327724889
funfair,0.772929707,-0.139200287,-0.618645648
harmony,0.139848696,-0.447908525,-0.580210119
tierion,-0.353248589,-0.539944742,-1.744129684
power-ledger,2.192271324,10.32843575,8.927186639
robotina,0.483678201,1.410639707,2.768988166
celer-network,-0.233095359,-0.67212863,-2.229886461
glitzkoin,-0.311546505,-0.696709875,-1.038739185
1irstcoin,1.159954237,2.176972121,1.682746987
botxcoin,-0.042309634,-0.25875453,-0.370622461
karatgold-coin,0.121922921,0.127641114,0.166711465
latoken,-0.438211387,-0.700349828,-0.86762391
envion,-0.15688808,-0.162535015,-0.470345476
dentacoin,-0.76258498,-0.737342906,-0.158480629
b2bx,-0.850031454,-1.847055094,-0.880602134
cindicator,-0.207069624,-0.32652855,1.650003111
babb,-0.144136118,-0.1478696,0.116736025
btu-protocol,-0.492626435,-0.54374237,-2.017014776
bnktothefuture,0.035854736,1.533497725,-0.12647205
singularitynet,-0.526485077,-0.688723266,-0.515578855
gowithmi,-0.13096233,-0.035077654,
dragonchain,0.519689606,6.447109622,1.575205413
levolution,-0.022625695,-0.198816109,-0.252908342
the-force-protocol,-0.243533518,-0.115112276,-0.411372473
carry,-0.517874157,-0.556110373,-1.089710675
gifto,-0.032569208,0.357570761,0.007040387
lockchain,-0.006722106,1.628082411,0.561373569
quarkchain,-0.398315509,-0.615545253,-0.332384793
foam,-0.528927648,-0.874584409,-1.7536133
perlin,-0.159057104,-0.520836934,
quantstamp,0.416286851,-0.188132881,1.097024806
daostack,-0.323043214,-0.552295876,-0.568818587
fusion,-0.061003159,-0.152125237,-0.370417388
bqt,0.174434173,0.092277496,-1.34946236
time-new-bank,-0.115020363,1.039310187,0.122036728
dropil,0.202818288,-0.28670503,-0.0301483
utrust,2.91755914,1.167958736,-0.155244622
blackmoon,-0.079708194,-0.397250232,-1.308910692
baasid,-0.04425058,-0.284945184,0.320300988
sentinel-protocol,-0.210636835,-0.38971764,-0.311118785
selfkey,-0.162454752,-0.414134178,-0.215771617
origintrail,0.609805727,-0.140419457,-0.244875771
band-protocol,-0.071868165,-0.189642578,
universa,-0.219164174,-0.300239734,-0.398551549
te-food,-0.144268026,-0.082843412,-0.242556943
bluzelle,-0.17441657,-0.628026388,-0.48975375
cashaa,-0.00540981,-0.449859718,-0.39375512
lamden,0.589982776,-0.261691701,-0.323575877
wepower,-0.17875046,-0.269341301,-0.538614232
propy,-0.227944661,-0.956226967,-0.96339817
morpheus-network,0.788016064,-0.030578683,-0.282246285
refereum,-0.254565475,-0.277037641,-0.350529973
blockv,0.026218744,0.545755605,0.503043817
thekey,0.081574289,-0.536089946,-0.620279386
adtoken,-0.534850639,-0.594025826,-4.178274081
jibrel-network,0.185373784,-0.394868119,-0.619366688
remme,-0.197991647,-0.367042599,-0.389211861
v-id,-0.249217347,-0.512641761,-0.562174373
rotharium,-0.12496975,-0.129698923,-0.403024734
commerceblock,0.476500193,0.455956395,-0.472601576
peculium,-0.248731134,-0.209737345,-0.308341275
amo-coin,-0.029348743,0.255075126,-0.214654498
deepbrain-chain,0.545070947,0.774214346,-0.004205695
red-pulse,-0.235214535,-0.265918822,-0.673200099
inlock,0.073046983,-0.109434605,
etherparty,-0.471759971,-0.687868778,0.4601824
polyswarm,0.329648141,0.568667204,-0.258653362
iqeon,0.065737378,-0.023324607,0.827345786
ternio,0.241759994,-0.636330407,-0.428751853
krios,-0.050247631,-0.125325619,-0.22469842
roobee,-0.207291049,-0.365021094,
coinpoker,-0.139407308,-0.153560189,-0.596063882
bolt,0.184853854,-0.002255977,-1.210862526
aeron,0.125007819,-0.941668467,2.729671658
insights-network,-0.190479195,-0.276228392,-0.460375996
lympo,0.273148641,0.62911043,0.286046726
everycoin,0.007295762,-0.146609726,-1.962588469
gold-bits-coin,-0.207359495,0.198681085,-0.001453656
winding-tree,-0.020944905,0.064395259,0.52467783
ubex,0.309810069,-0.029465154,-0.51617886
likecoin,0.027354468,-0.21288827,-0.303873565
blockport,0.036978007,0.397790001,-0.262712136
sense,0.028251803,-0.163504675,-0.393998162
cryptopay,-0.573867585,-0.509200748,-0.391882042
loyalcoin,-0.056505614,-0.291924478,-0.262974425
naga,0.223647471,0.174495401,-0.327400336
effect-ai,-0.058890862,-0.244363855,-0.464613049
linkeye,-0.300788108,-0.456023588,-0.496156062
ampleforth,-0.185289441,-0.202563733,-0.063351385
tixl,-0.08492652,-0.300974542,
cryptaur,0.328523808,-0.033674261,-0.13865652
indahash,-0.535150478,-0.658654689,-0.573329624
menapay,0.126377613,-0.860936624,-0.601986845
lendingblock,-0.091421073,-0.405664085,-0.397312494
airbloc,-0.362779502,-0.293379264,-0.410935751
temco,-0.298607324,-0.623585167,-2.061281308
vetri,0.399674137,1.469862765,-0.164018301
carvertical,-0.239368601,-0.617749573,-0.512669522
multivac,0.093036417,-0.640937139,-1.33560927
cargox,-0.163471181,-0.465683313,-0.509452588
covesting,-0.478134884,-0.64064629,-0.259656383
plair,-0.021261078,0.104061494,-1.945333581
primas,-0.221106654,-0.345597434,-1.549015857
leverj,-0.038887628,-0.256399786,-0.260940573
zper,-0.194633179,-0.284096981,-0.349124851
moneytoken,-0.258784042,-0.474253073,-0.429736228
azbit,-0.074233035,-0.433291537,
0chain,0.267896861,-0.445850444,-0.33970675
smartlands,17.96178857,2.791692541,8.769054103
spankchain,-0.289935445,2.314231744,3.786730622
cryptaldash,0.230808344,-0.100585291,-0.217353843
paytomat,-0.041255847,-0.26226952,-1.101918955
datum,0.562513607,3.005578319,0.16564405
sureremit,-0.225532838,-0.324191912,-0.065894053
cappasity,-0.696661663,8.346868766,0.209342722
redfox-labs,0.555240374,-0.155407511,-0.834254423
cardstack,0.058887566,-0.427955488,-0.389308625
insurepal,-0.059783607,-0.404329164,-0.508281785
pibble,0.074068056,0.146389713,-2.147580112
aidcoin,-0.23069676,-0.522070338,-0.449546153
spiking,-0.444880556,-0.519309025,-0.523486671
axpire,-0.343545875,-0.336613952,-0.482714787
xriba,1.99646476,2.051707315,0.767443621
hacken,-0.15238862,0.148229379,-0.257011867
akropolis,0.386236084,-0.397538444,-0.800980169
qiibee,0.030805336,-0.677431846,-0.526907493
ebcoin,0.04473091,-0.045918904,-0.252276077
cloudbric,-0.146686963,-0.597678957,-1.78333382
infinitus-token,-0.013486662,-0.143941936,-1.311412194
typerium,-0.319047482,-0.524986863,-0.794958492
stk,-0.125379539,-0.681663686,-0.694398935
truefeedback,-0.130769201,-0.063496777,
domraider,-0.531476761,-0.731610381,-1.157388223
experty,-0.51063561,-0.476164894,-0.403134635
copytrack,-0.416232626,-0.408445415,-0.474724037
crycash,0.505114566,-0.014182073,-0.438382231
aventus,-0.277225776,-0.332447259,-2.071925952
vezt,-0.574199832,-0.571875247,-0.404731097
bittwatt,0.465199032,1.294800697,0.097393363
liquidity-network,-0.079327945,-0.288691557,-0.57212648
vodi-x,-0.4381085,-0.627049111,-0.888826183
gamb,-0.09299646,-0.593459401,-1.586973701
uptoken,-0.296821492,-0.115938315,-0.573762226
neurochain,-0.001787978,0.002971027,-0.260683888
colu-local-network,-0.020610575,-0.02046265,-0.372844214
lition,-0.16567211,-0.816928603,-1.062663256
ubcoin-market,-0.126204001,-0.485597991,-0.475311419
playkey,0.527408092,2.988699761,0.252642877
datawallet,-0.392799062,-0.424066107,-0.547580976
sapien,-0.134360513,-0.593371229,-0.246858501
stox,0.057751485,-0.516465969,-3.020084322
faceter,-0.277346341,-0.369088708,-0.472535525
matryx,1.882161461,0.382711215,-0.157528647
flixxo,-0.440565212,-0.624444512,0.005484397
suretly,-0.354960633,-0.645446335,-1.694396848
adbank,-0.33065571,-0.704695047,-0.600527789
membrana,0.091425243,1.438591634,
essentia,-0.452708502,-0.735075951,-0.49897661
olxa,-1.089030029,-1.180839242,-2.323377517
zilla,4.038062858,1.955711502,0.129097128
cotrader,-0.342529402,0.365449154,-2.313467635
0xcert,-0.091168357,-0.568204599,-0.53586764
real,-0.706496112,-1.140995767,-1.185612326
pylon-network,0.09084123,-0.248326701,-0.328370122
bitdegree,-0.317909456,-0.426506727,-0.396710756
hoqu,-0.126805568,-0.09400519,-0.563625795
phi-token,-0.348253561,-0.414549747,-0.400353709
omnitude,-0.213092797,0.140720991,0.372760871
sentinel-chain,0.056254791,1.194133066,-0.771655482
privatix,0.50710037,-1.732507022,-0.260493702
savedroid,-0.267584217,-0.416714168,-0.368056705
coinfi,-0.316516141,-0.640740967,-0.582751774
eristica,-0.422899869,-0.366696531,-0.110480756
iotw,-0.139413072,0.325097371,-0.066384516
auctus,-0.045940962,-0.24527315,-0.63113856
crowd-machine,-0.3736632,-0.318951133,-0.564699673
jet8,-0.272804127,-0.371125681,-0.521078613
ink-protocol,-0.326323086,-0.252131605,-0.413537164
on-live,0.041952966,-0.448277836,0.312237714
cobinhood,0.137158313,-0.053673693,-0.202465944
sharpay,-0.062234244,0.311684661,-0.547880627
dether,-0.210941004,-0.342070781,-0.37419768
robet,-0.208982671,0.185721941,2.066919294
fire-lotto,-0.508737208,-0.501451464,-0.40241217
birdchain,-0.341834406,-0.035043096,
autonio,12.5187357,14.33421343,16.44690762
trakinvest,-0.275180732,-0.453806626,-0.577776051
artis-turba,0.516207467,0.376614336,
hellogold,-0.522977376,-0.807982489,-0.04670694
blocktix,0.789468673,-0.303539483,1.327180578
clearpoll,-0.286022115,-0.1584761,0.908552741
hold,-0.069851317,-0.353288565,-0.296671029
ethersportz,-0.384186928,-0.415055531,-0.498347592
lampix,0.029326585,-0.706440614,-1.904335362
arbidex,-0.145556668,0.065954654,0.171324279
p2p-global-network,-0.621958757,-0.932141148,-1.012219341
adhive,0.281861294,0.159911616,-0.513908507
elysian,-0.328822156,-0.365493298,-0.362869542
coinlancer,-0.127698392,-0.315444122,-0.374979238
devery,-0.111285874,-0.501653349,-0.447876399
simdaq,0.255034746,-0.018431628,-0.232361408
bonpay,-0.637710012,-0.763223231,-0.621744047
transcodium,-0.235843246,-0.395792983,-0.566368615
srcoin,-0.595938264,-0.611273146,-0.528363031
tv-two,0.428753179,0.002735222,-0.502822277
taklimakan-network,-0.012385673,-0.509606249,
betterbetting,-0.199196917,0.283081899,-0.528308644
jsecoin,-0.185302455,0.405768906,-0.467630342
mybit,0.207849202,-0.118297822,0.002809401
parkgene,0.345467719,-0.089748371,-0.382412938
patron,0.53922171,-0.223489155,-0.363914014
menlo-one,-0.140599326,-0.267346977,-0.86906322
tokenbox,-0.24269004,-0.320100456,-0.527484625
traxia,-0.040042195,-0.472286251,-0.393549238
scanetchain,-0.194091176,-0.281941369,-2.518742126
rightmesh,-0.240829184,-0.455546494,-0.260956855
eventchain,-0.771462343,-0.010669675,-0.6067969
leadcoin,0.215393921,-0.606465561,-0.629874165
fundrequest,-0.063126744,-0.418809368,-0.568690836
evedo,0.073832069,-0.000604658,-0.818244669
cfun,-0.3248675,-0.33251861,-0.322371021
rentberry,-0.337658523,-0.53717462,-0.785820537
paymon,0.221425914,0.081579601,-0.313860815
cyclean,-0.068454798,-0.577826288,-0.617410449
mywish,-0.753147033,-0.395984435,-0.259579264
daneel,3.156893526,1.43983336,0.118634637
webcoin,0.676570387,0.877763281,0.888624109
bitnation,-0.206648601,-0.737750141,-0.466590276
bitcoinus,-0.308720475,-0.558682709,-0.634138709
fabric-token,0.354952279,-0.382569739,-0.563085637
coinchase,0.026072254,-0.40389081,
internationalcryptox,-0.013584923,-0.275938857,-0.30051099
bitclave,0.759193978,-0.392091221,-0.384425317
naviaddress,-0.203432055,-0.579925234,-0.482105462
connectjob,-0.011821813,-0.223018339,-0.6091525
incodium,-0.430205425,-0.080407259,-0.753987696
bitrewards,-0.024442067,-0.235398925,-0.269130722
araw,0.075677182,0.834262836,-2.375143531
iungo,-0.537382525,-0.918661069,-0.746954733
emphy,-0.234061899,-1.845945689,-1.094190358
sonder,-0.412185872,-0.410583344,-0.691786124
intervalue,-0.008552154,-0.001535722,-0.556351487
joint-ventures,0.472900467,-0.612702858,-0.514716977
hurify,-0.128519568,-0.469401685,-0.449119607
bulleon,-0.45705328,-0.586482577,-3.031474233
kuende,-0.080852767,0.005174453,-0.870021285
natmin-pure-escrow,-0.557372517,-1.249941935,-1.332029044
fox-trading,1.400428418,0.246093673,2.187800072
shping,-0.248413776,0.314965939,0.372694271
payfair,-0.625663751,3.420176655,2.798383626
bunnytoken,0.089700847,0.769594843,-0.450607253
4new,-0.243182009,-0.462037081,-0.54362397
asura-coin,0.138456832,0.102948231,-0.589030151
crystal-clear,-0.743536748,-1.207766087,-1.337651773
bitrent,0.037823154,0.431736196,-0.595880896
authorship,-0.16117014,-0.885789984,-0.944110606
verime,-0.31363562,-0.588123311,-0.591924981
travelnote,-0.308934569,-0.628546993,-2.589414251
cointorox,-0.519710111,-0.976653452,-2.41122732
fortem-capital,7.646146943,3.189545202,
game-stars,1.064185907,0.141705777,0.441993483
spin-protocol,-0.186753629,-0.272191465,-0.318329751
consentium,0.104642338,-0.033910085,1.19105798
playcoin,-0.178218062,0.051867964,-0.301034102
celsius,-0.348855418,-0.390498234,-0.150167817
iou,-0.042980587,-0.16557599,-0.104660534
innovaminex,1.498588246,-0.413331517,-0.522862055
creatanium,0.093440408,0.044232596,
krypton-galaxy-coin,0.112674318,-0.222978991,
dacc,0.061289256,-0.294502882,-0.320359155
venjocoin,4.519555045,4.303508924,5.327905136
aitheon,-0.458829869,-0.033597111,
izichain,-0.070349206,3.803418913,-0.885657304
nairax,-0.015955714,,
idealcoin,-0.570240232,-0.681762221,
lemochain,-0.07034445,-0.543365491,-0.419288847
sparkster,-0.286199426,-0.56228223,-0.839381504
zerobank,-0.100200523,-0.518468656,-0.65264648
aerum,-0.636439944,-0.744404204,
kappi-network,-0.339885292,-0.478882145,
xtrd,0.499300913,-0.084219121,-0.235769299
gazecoin,0.080004373,-0.287349164,0.807859466
gamblica,-0.240694806,1.398504183,-2.524589977
oath-protocol,0.904356352,1.503437135,
fintab,0.029887774,-0.379713176,-0.520210307
bolttcoin,-0.000172862,-0.342023127,-2.542448526
localcoinswap,-0.200305192,0.047182697,-0.255008101
play-game,-0.215290555,0.045060951,-2.190713191
hybridblock,-0.193947988,-0.466692814,-0.466753387
medicalchain,0.031074004,-0.414922169,-0.583687836
coinlion,-0.1239306,-0.223867822,-0.456321528
bob-s-repair,-0.285666591,-0.555605588,-0.329928441
loci-coin,-0.262690046,-0.70404421,-0.557420831
napoleon-x,0.046327812,0.414115097,-0.037436926
true-flip,-0.320133999,-0.441366626,-2.10169242
energi-token,0.077091327,-0.556061848,-0.452872772
one-ledger,0.267711178,-0.550496618,-0.46359062
po-et,-0.328863545,-0.469353359,0.559805373
educoin,-0.203438576,-0.408696173,-0.594710834
electrify-asia,0.437135534,0.077925879,-0.491746607
blockarray,0.132875197,-0.507257878,-0.485364524
basic-attention,0.251073017,-0.354341455,-2.565974917
dxchain,-0.445550848,-0.409712255,-0.214555406
bibox,0.140989491,0.908743092,1.664437495
bitforex,-0.088465439,0.019700456,
raiden-network,1.109245786,-0.072422106,0.134129479
sirin-labs,0.548234404,3.177313278,-0.272707932
vegawallet,-0.007974028,0.126992074,-2.008998348
aidus,-0.020300961,-0.135311704,-1.946274058
coinmetro,-0.0153506,-0.123357756,
cybr,-0.247836981,-0.159357185,
thrive,-0.063801568,-0.668628669,-0.291973788
bitscreener,-0.015628602,-0.098468127,-0.252008475
provoco,-0.216104348,-0.554799046,-0.856848116
bitnautic,0.275882226,5.181953816,-0.657388903
alt-estate,-0.48764856,-0.510798049,-0.5354847
wpp,-0.196496526,-1.178688018,-1.339334928
sola,0.562939374,0.564761264,-0.0665114
kora-network,-0.113681842,-0.1446252,-0.431015698
yobit,-0.115013255,-0.156803359,
probit,0.063032267,0.148446669,
duo-network,0.531675433,-0.743974569,-1.568742771
esports,0.002035124,-0.422144738,-0.345153912
usechain,-0.226126191,-0.067871998,0.07194856
webn,0.134239168,0.161297226,-2.532380186
dragon,-0.118429552,-0.516733126,-0.586314484
bitbook-1,-0.1030899,-0.542204958,0.168412482
cryptoindex,0.141422755,0.115332487,0.06152037
streamr,0.377719009,0.032102091,-0.012861501
invictus,0.059455645,0.146065213,-0.13324397
xinfin,0.665404946,1.594388411,-0.331768189
restart-energy,-0.004069783,-0.223057744,-0.181158718
playcoin,-0.231285419,-0.408695695,-0.588768851
oneroot,-0.153328036,-0.057914959,0.140823385
trade-io,0.417064804,0.066495021,-1.366595499
the-abyss,-0.180412003,-0.365110187,-0.388310054
blue-whale,-0.023326922,-0.143082828,-0.334946172
iht-coin,-0.109556737,0.007487978,-0.432173524
horyou,0.07508505,-0.17588022,-0.867455434
peerplays,0.480137674,-0.230151642,-4.524105709
ceek,-0.296695076,-0.155619698,-0.374954958
osa,0.11126093,-0.079095274,-0.834986661
zebi,0.708773113,0.132985795,-0.526385581
quadrant,0.071498425,-0.301183786,1.464055062
trinity,0.269994333,-0.310960951,-0.520548386
bitex,0.031584621,1.033600756,-2.00505871
carboneum,-0.275694017,-0.385600424,0.372536491
personal-data-democracy,-0.972128638,-0.941006262,-0.630448388
scorum,-0.294304275,0.275138305,-0.288385292
dav,0.003042366,-0.359111481,-0.396319365
signals,-0.036510091,-0.364451253,-0.445615523
cryptoads,-0.217274961,-0.625254762,
boatpilot,2.695044012,-0.046484866,-2.001545224
datarius,1.626273294,0.433649614,-0.356406426
bitguild,0.686046504,0.36172623,-1.470192296
innovative-bioresearch,9.160623143,4.559851542,-2.315951152
vikky,-0.412607082,0.061871239,-0.212198619
comsa,0.363796499,-0.401004214,-0.378635509
comsa,0.343713683,-0.369327196,-0.378033107
pledgecamp,0.171109826,-0.081603026,
atlas-network,-0.291177245,-0.209704585,-1.184339478
loltoken-by-eiu-ac,-0.172088725,-0.504669733,
hotoken,-0.133537003,-0.258661412,-1.455285146
stellargoldcoin,1.821691023,0.26426992,-0.747506542
cedex,-0.060218745,0.224593828,-0.265753391
lendroid,-0.201358084,-0.332817113,-0.64912821
mobilinkcoin,-0.227522334,-0.43013389,-0.607191986
capdax,0.223878653,0.000965246,-0.667788318
lambda-1,0.632659013,0.761748282,22.50368538
gochain,-0.032146442,1.939509246,0.58669639
qredit,-0.035148614,0.327452428,-1.975081441
midas,0.350973689,0.244986684,-0.319423753
waves,-0.234617688,-1.105792034,-1.067902954
newton,-0.26264042,-1.082076359,-1.206339899
cybermiles,-0.204483687,1.2687282,1.014494085
medibloc,1.922080023,5.07195172,-0.14940775
vite,-0.207258174,-0.3961696,-0.315913151
hycon,-0.201701575,-0.400660591,-0.318501727
veriblock,-0.302773545,-0.686364639,-1.494386783
vinchain,0.156252674,-0.137536151,0.585225006
coti,-0.148138258,-0.689671632,-0.862628449
cryptocean,0.345858986,2.096745029,
verasity,-0.186367935,-0.416980161,-1.106371297
vexanium,-0.035700117,-0.015909087,-0.332324314
tokenpay,0.210219265,1.732905316,-0.262605531
adamant-messenger,-0.062657139,-0.408379857,-2.342399365
enecuum,0.036106428,-0.098333967,
sophiatx,0.746175734,1.785188677,-0.051089295
goldmint,0.368497973,0.070633291,-0.568844995
utrum,-0.008080796,0.245804798,-0.348178108
fiii,-0.316589002,-0.281262706,-2.656744942
exosis,1.870941024,1.317244344,-0.368106418
gohelpfund,-0.103269386,2.628338025,-0.219619531
filecoin,0.52214709,1.145110234,0.191202177
aunite,0.083619174,-0.021146853,-0.838609134
nervos,0.197060318,0.161421214,
theta-network,-0.168550898,-0.138187246,0.176886755
ocean-protocol,-0.434997855,-0.199459569,-0.41680883
nucleus,-0.250578185,0.060476831,-0.43697346
skrumble-network,-0.202472686,-0.286980191,-0.581102838
open-platform,0.182095916,-0.087407289,-0.575729333
seal,-0.109731445,-0.336048895,-0.384651871
decentralized-machine-learning,0.228692426,-0.634578758,-0.57559403
the-bee-token,-0.251280816,-0.308774593,-0.520870826
genaro,-0.073346789,0.117351907,0.043692314
noia-network,-0.119890422,-0.335390497,
vanta,-0.239062735,-0.495465351,-1.987869951
deepcloud,-0.328635261,-0.702110946,
verify,-0.302538175,5.247873939,-0.266227445
chainlink,0.029201421,0.213080111,-0.074766002
orbs,-0.323967615,-0.14054292,-1.21347644
telcoin,0.643093265,-0.027444232,-0.244969059
kleros,0.133994685,0.045375154,0.261696479
metronome,0.795351216,-0.30041032,-0.306467738
bezant,-0.192376538,-0.359091608,-0.377727784
aergo,-0.483922184,-0.633815007,-1.40246991
odyssey,1.003190502,-0.216372823,-0.31604158
videocoin,0.025240952,0.466905448,
shipchain,-0.440076509,-0.458985284,-0.636449745
phantasma,-0.246261444,-0.590597401,-0.47334205
amlt,-0.016527115,-0.50781082,-0.454731737
fuzex,0.460653038,0.105303825,-0.458959493
fortuna,-0.301291547,-0.4971396,-0.525489807
atonomi,-0.091964547,-0.464481343,-0.540913714
aditus,0.031299518,1.223653508,-0.548863206
narrative,2.123296787,0.321727789,0.228271686
agora,-0.240597623,-0.057337617,
drep,-0.316808591,-0.433721881,-0.768132307
blockcloud,-0.325153019,-0.716493547,-1.532014719
farmatrust,-0.467260233,-0.496400724,-0.119544567
aelf,-0.013145367,0.539879648,0.145721668
iotex,0.008963348,0.127313336,-0.228522454
cortex,0.466105022,0.751671627,-0.371182061
ultra,-0.361309442,-0.447075705,
pchain,-0.135543013,-0.44266426,-0.432845523
kambria,-0.135665696,-0.330731303,-2.413666056
insureum,-0.247722698,-0.534512866,-0.576305457
datx,-0.017580742,-0.123392208,-0.548985459
eos,1.78714569,0.749145183,4.759513862
komodo,0.06766846,-0.351652536,0.698594514
viberate,-0.715846673,-0.905866645,-1.13340342
icon,1.17813171,0.862439452,6.763528619
bancor,-0.790761229,-0.664140595,-5.412111588
loopring,-0.564586261,-0.098480488,3.760329475
storj,0.080997486,-0.340366794,-2.611634401
bytom,1.719436969,-0.765150528,0.238976569
digixdao,-0.135510202,-0.775959906,-1.112306484
tenx,-0.096963034,-0.878197397,-4.952952652
civic,-0.1737283,1.607098134,-0.381977247
lunyr,-0.033007826,-1.166468869,-2.08673053
aeternity,0.768152174,-0.056550968,-2.856665276
populous,-0.324426142,0.467092276,10.00733484
metal,0.666464702,1.771974336,0.969067609
aragon,0.246610134,-0.342843087,-2.579965257
enigma-catalyst,-0.254557008,-0.413605087,0.967380523
golem,-0.140081858,-0.178952258,10.62435211
request-network,-0.22877615,-0.489819615,1.942718896
iex-ec,0.069971248,-0.162765018,-3.420031965
gnosis,0.25413391,1.320866613,-3.07036019
mco,-0.387055667,-0.622626002,1.673997926
matchpool,-0.712523855,-1.054769582,-4.090949774
contentos,-0.714312938,-0.083757111,-0.477870058
appcoins,-0.223070591,-0.403669765,-0.374021355
genesis-vision,-0.057729649,0.091118507,5.725701778
metadium,-0.214416023,-0.058037941,0.780459815
skychain,-0.257313486,-0.25006895,-1.475673786
swissborg,-0.339378432,-0.705264592,-0.612212522
electroneum,-0.478956725,-0.863284206,-1.290408856
starbase,-0.160329006,0.769229249,-0.390980495
suncontract,-0.368790919,-0.622825099,0.504117071
egretia,0.249701043,-0.202522503,-0.501580391
blockmason,-0.492677504,0.402841201,0.892073233
everex,-0.52148785,-0.432160695,-0.89508171
neblio,0.979797281,1.566872334,15.87343794
odem,0.513534989,0.951522942,1.581940975
airswap,-0.454799118,-0.702083052,-0.6076818
bankex,-0.142064328,-0.244683783,-0.344419254
blocklancer,-0.453924145,-0.262362428,-0.649880577
credits,0.455202864,0.770885946,-0.097056317
crowdwiz,0.425529728,0.191944545,-0.741343984
mark-space,0.725741238,-0.086780791,-0.540206398
monetha,-0.012514355,-0.437274915,-2.018337162
paycent,0.080341896,0.633061185,-0.117227043
presearch,-0.394742099,1.823058582,0.077453004
revain,0.029840535,1.19520375,10.88087349
rivetz,-0.004354482,-0.360090824,-1.231392564
chronobank,-0.380333889,-0.377276623,-6.310815989
district0x,1.046258089,3.804040722,5.497761346
eidoo,-0.16341656,-0.315484754,-0.727198746
mysterium,0.160839758,-0.490414268,-5.142285759
opus,-0.083242427,-0.159279963,-1.436864652
santiment,-0.427121627,-0.140467361,17.56749739
sonm,-0.76758853,-0.615877037,-5.637517491
stockchain,0.01129534,0.678567839,-0.702301687
bankera,-0.223944639,-0.443005816,-0.198103757
humaniq,-0.311122239,1.031418594,-2.505121016
nimiq,-0.082434828,-0.357220806,-0.240150268
pillar,-0.297499273,0.24359778,7.502832426
tokendesk,-0.411433268,-0.94889245,-0.704955397
decent,-0.068362384,0.165098046,12.46348399
engagement-token,-0.54514513,-0.637797509,-0.434095276
nitro,-0.505663483,-0.704908556,-0.555066742
patientory,0.86579611,-0.648271353,-3.215123329
storiqa,0.033238714,-0.087982104,0.062579369
alis,1.04075528,0.46087248,0.251967012
biocoin,-0.163883126,-0.302098654,-0.517960879
kin,-0.248659041,-0.876799389,-0.28503669
polybius,-0.590390956,-0.493423363,-3.921326784
wings,0.315764759,1.983759118,7.913392155
zrcoin,-0.945917467,-0.670012831,-5.974971098
dimcoin,-0.7893339,-0.877820529,-0.433438775
firstblood,-0.270199533,-0.601072141,-0.938999921
internxt,-0.620332349,-0.772958067,0.078588434
investfeed,-0.320397953,0.501396078,-0.951824259
mobilego,-0.44783447,-0.477771488,-5.271603651
smartmesh,0.50270807,3.288119671,0.774206328
worldcore,0.192874557,1.671334148,-0.186912518
hubii-network,-0.306564776,-0.646031872,0.984902349
incent,10.79168495,2.471332311,29.91894187
maecenas,-0.133447756,-0.537072609,-0.694164616
primalbase,-0.04055959,-0.681867432,-3.579055114
substratum,0.328975347,1.833857125,6.586826104
taas,-0.025126521,-0.189747171,0.017024097
wagerr,0.140765445,0.098357084,2.726161248
arcblock,-0.154767474,-0.210697144,-0.455252061
blockcat,0.988771647,0.062095974,-1.039335466
ignis,0.078747881,-0.726668648,-0.48678988
bitdice,0.049765762,-0.150235807,-1.154267324
starta,-0.115795536,-1.08951491,-4.75222439
adelphoi,1.321080038,0.103267221,-4.535400261
edgeless,0.310614156,2.033449659,27.09155322
singulardtv,-0.137670494,-0.567961111,0.401597193
ecobit,0.062064248,0.091158086,-3.930333126
etheroll,0.386225136,-0.820215415,-1.337228779
yoyow,-0.40470371,-0.595594528,-1.41131979
qash-by-quoine,1.062078888,-0.219382716,-0.159483325
spectiv,0.140060935,0.872630154,-0.462494619
adex,-0.151045699,-0.520409886,6.032430256
agrello,-0.011284555,-0.530742152,-1.831709994
digitex,-0.059297307,-0.308503876,4.506222422
nexus,-0.375625343,-0.699607542,-1.373452062
six-network,0.022897828,0.038112925,-0.190537198
quant-network,-0.044236513,2.739483347,8.557085572
crypterium,-0.417364715,-0.724617342,-0.473220879
hive-project,-0.009136868,-0.281248456,1.450018036
wetrust,1.514397059,0.496450738,-1.530529212
crypto20,-0.091790918,-0.386920887,-0.330563051
vibehub,4.366539193,1.901174074,20.21216186
fetch-ai,-0.299475653,-0.576607514,-2.276061229
kryll-io,-0.187696186,-0.225507533,-0.113358923
indorse,-0.54518446,-0.911314577,-1.719403996
cosmochain,0.082412687,0.310167681,-0.158900219
wabi,0.188188147,2.46100867,-0.097840662
dock-io,0.461819412,0.672889234,-0.407897627
chrono-logic,-0.014754231,-0.919559852,-1.952133517
mobius-network,-0.141492399,-0.337744747,-0.391589002
friendz,0.292515025,-0.284330153,-0.690142764
fintrux,0.226355458,-0.445565676,-0.605708314
kind-ads-system,-0.529114994,-0.821417114,-0.371871858
uquid,-0.103070301,0.233091807,0.183623715
change-bank,-0.489601348,-0.573470821,-1.038479529
xyo-network,-0.171154699,-0.171326641,-0.163839407
darico,-0.011921088,2.078013087,1.177114341
atb-coin,0.15353539,-0.227524357,-1.805256489
morpheus-infrastructure-token,-0.095588244,-0.204420122,-0.409707173
ties-network,-0.098140108,-1.425478543,-0.897581924
zap-store,-0.186723127,-0.349336888,-0.378079661
tokenstars-team,-0.079844367,-0.435186611,-0.638756857
the-quantum-resistant-ledger,1.088413691,-0.157345773,-2.593410886
truegame,-0.055234556,-0.333540945,-0.11167771
travala-com,0.090775856,-0.417840956,0.025243912
axl,-0.197562329,-0.772552686,
hero,6.90947449,3.35309856,0.539463422
flyp-me,-0.438712905,-1.064595369,-1.007858107
game-com,0.305730198,-0.248371182,0.192769713
storm,0.780776173,3.801464856,0.866349923
nebulas,0.067918751,-0.927830727,-0.414329445
poa-network,-0.382793915,-0.038789783,-0.431903047
databrokerdao,-0.67582887,-0.685871852,-0.395501858
rigoblock,,,
bitjob,-0.509966452,-1.879143567,-1.318630391
veritaseum,-0.118901948,2.560215996,-3.70955862
daobet,0.19311398,-0.633867263,-5.108648267
pluscoin,-0.329326839,-1.560283045,-1.201788654
coinloan,,,
coupon-chain,0.158246412,,
mavro,-0.022675377,-1.291432297,-4.656146575
sero,-0.187865758,-0.517340948,-0.616831823
adshares,-0.703307607,-0.630902292,-1.128697454
origin-protocol,-0.521569203,-0.518317071,
dusk-network,0.201672191,-0.46761179,-0.470193048
dmarket,-0.216594799,-0.346280009,-0.415949443
crowdholding,-0.206627044,-0.318795701,-0.378503179
ice-rock-mining,-0.082258481,-0.015626191,0.27596348
sp8de,-0.197423481,-0.156434651,-0.258084016
chex,-0.02137218,0.002457023,0.288835681
blockstack,0.091228436,-0.240869083,
atlant,-0.598929153,-1.144757451,-1.090688646
dacsee,-0.280435525,-0.520544237,-0.296905439
deex,0.031076692,-0.16413082,-0.511648222
encrypgen,0.032381927,3.944355365,1.451640026
augur,0.02352588,-0.033901135,2.899800581
tokes,-0.239155797,0.208221013,-0.051438479
bankcoin,0.385785087,1.545847305,-2.172759074
encryptotel,-0.465030288,-0.501910637,-4.115012483
kwhcoin,0.751134805,1.274512726,-0.479033114
bethereum,-0.1988432,-0.26932326,-0.371794984
neo,-0.353113873,-0.631728301,-1.717956563
1world,-0.164633879,-0.398731532,-0.499774623
amon,-0.432447425,-0.456699218,-0.568797165
graft,-0.287516944,-0.294915794,-0.446061535
aurora,-0.440645784,-0.671168499,-0.367875486
storm,0.780776173,3.801465567,0.866350027
lala-world,-0.406222021,-0.355031248,-0.572683907
cpchain,0.003931788,-0.238907655,-0.475490628
unibright,-0.160246647,-0.499445816,-0.481555948
omisego,-0.090724814,8.945042532,36.89120895
intelligent-trading-foundation,-0.793750008,-0.750909435,-1.520085585
bitcrystals,-0.031296045,0.042598254,0.744378779
zen-protocol,0.103597162,-0.471449391,-0.351720753
skincoin,-0.359200918,-0.531120002,-3.844519731
constellation,-0.119250245,-0.438750366,-0.389034985
fidentiax,2.066080581,0.500725347,-0.361051934
syncfab,-0.238972012,-0.462537867,-0.623245156
bitcoen,0.26610907,1.066531527,-0.303536649
decent-bet,-0.323968362,-1.928605617,-0.862902635
fortknoxster,-0.376794661,-0.158568429,-0.284902646
aigang,-0.39638015,-0.556837058,-0.454509859
hdac,-0.188031319,-0.319752904,-0.217938431
wandx,-0.003328361,0.007690466,-0.33996138
elastos,0.475620724,0.838957752,-0.387022915
tokenomy,-0.197183631,-0.151401063,-0.309966623
nebula-ai,0.425741326,-0.148765607,-0.461448953
gexan,0.008541177,0.308265285,-0.538053004
ferrum-network,-0.183533374,-0.340968684,
tezos,0.22692098,-0.427498787,0.015172158
proximax,-0.212865848,-0.270933117,0.007193636
uranus,-0.311807419,-0.424616775,-0.606971881
qtum,-0.262780383,0.574133207,-0.734457553
daex,0.019323522,-0.160982743,-0.559658374
darcrus,1.443432819,0.697425406,0.570470447
libra-credit,-0.217369103,-0.388574822,-0.48673599
tokoin,-0.032547294,-0.071952775,
contents-protocol,0.086421154,-0.067575413,-1.174959025
fleta,-0.274843866,-0.439232371,-0.427611984
unification,-0.483924445,-0.719051981,-1.3298241
hedera-hashgraph,-0.534540998,-0.375224256,
marshal-lion-group-coin,0.371994487,-0.186444724,
paypie,-0.530351072,-0.73057035,0.230018725
xenoverse,-0.170932535,-0.396334355,
ioex,0.185583308,0.130462712,
pundi-x,0.100404963,3.776282654,0.703856252
dos-network,-0.265532056,-0.895125451,-2.324276451
status,0.062954538,0.13683838,-2.188652713
alphacat,-0.220582189,-0.358212998,-0.497277206
eden,-0.336669443,-0.571949348,-0.550044081
contentbox,-0.421582539,-0.235820779,-0.403060582
